l_spanish:
 brittany_area: "Bretaña"
 normandy_area: "Normandía"
 provence_area: "Provenza"
 guyenne_area: "Guyena"
 pyrenees_area: "Pirineos"
 languedoc_area: "Languedoc"
 bourgogne_area: "Borgoña"
 savoy_dauphine_area: "Saboya"
 lorraine_area: "Lorena"
 picardy_area: "Picardía"
 seine_area: "Sena"
 loire_area: "Loira"
 wallonia_area: "Valonia"
 flanders_area: "Flandes"
 brabant_area: "Brabante"
 netherlands_area: "Países Bajos"
 frisia_area: "Frisia"
 aragon_area: "Aragón"
 catalonia_area: "Cataluña"
 valencia_area: "Valencia"
 lower_andalucia_area: "Andalucía inferior"
 upper_andalucia_area: "Andalucía superior"
 castille_area: "Castilla"
 toledo_area: "Toledo"
 asturias_area: "Asturias"
 leon_area: "León"
 basque_area: "País Vasco"
 beieras_area: "Beiras"
 alentejo_area: "Alentejo"
 macaronesia_area: "Macaronesia"
 venetia_area: "Venecia"
 lombardy_area: "Lombardía"
 piedmont_area: "Piamonte"
 tuscany_area: "Toscana"
 liguria_area: "Liguria"
 corsica_sardinia_area: "Córcega & Cerdeña"
 sicily_area: "Sicilia"
 naples_area: "Nápoles"
 calabria_area: "Calabria"
 apulia_area: "Apulia"
 emilia_romagna_area: "Emilia-Romaña"
 central_italy_area: "Italia central"
 ireland_area: "Irlanda"
 highlands_area: "Tierras altas de Escocia"
 lowlands_area: "Tierras bajas de Escocia"
 wales_area: "Gales"
 northern_england_area: "Northumbria"
 mercia_area: "Mercia"
 wessex_area: "Wessex"
 east_anglia_area: "Anglia Oriental"
 denmark_area: "Dinamarca"
 jutland_area: "Jutlandia"
 skaneland_area: "Escania"
 gotaland_area: "Götaland"
 svealand_area: "Svealand"
 norrland_area: "Norrland"
 finland_area: "Finlandia"
 karelia_area: "Karelia"
 northern_norway: "Noruega del norte"
 eastern_norway: "Noruega del este"
 western_norway: "Noruega Occidental"
 subarctic_islands_area: "Islas subárticas"
 estonia_ingria_area: "Estonia"
 livonia_area: "Livonia"
 curonia_area: "Curonia"
 east_prussia_area: "Prusia Oriental"
 west_prussia_area: "Prusia Occidental"
 wielkopolska_area: "Wielkopolska"
 malopolska_area: "Malopolska"
 podolia_volhynia_area: "Podolia Volinia"
 pripyat_area: "Prípiat"
 mazovia_area: "Mazovia"
 lithuania_area: "Lituania"
 west_dniepr_area: "Dniepr Occidental"
 east_dniepr_area: "Dniepr Oriental"
 sloboda_ukraine_area: "Ucrania Sloboda"
 azov_area: "Azov"
 zaporizhia_area: "Zaporizhia"
 yedisan_area: "Yedisán"
 crimea_area: "Crimea"
 white_ruthenia_area: "Rutenia Blanca"
 red_ruthenia_area: "Rutenia Roja"
 ryazan_area: "Ryazan"
 moscow_area: "Moscú"
 suzdal_area: "Suzdal"
 smolensk_area: "Smolensk"
 novgorod_area: "Novgorod"
 pskov_area: "Pskov"
 beloozero_area: "Beloozero"
 astrakhan_area: "Astracán"
 lower_don_area: "Bajo Don"
 kazan_area: "Kazán"
 nogai_area: "Nogai"
 ural_area: "Ural"
 pomor_area: "Pomor"
 bashkiria_area: "Bashkiria"
 galich_area: "Gálich"
 kama_area: "Kama"
 tambov_area: "Tambov"
 saratov_area: "Saratov"
 silesia_area: "Silesia"
 bohemia_area: "Bohemia"
 erzgebirge_area: "Montes Metálicos"
 south_saxony_area: "Sur de Sajonia"
 lower_bavaria_area: "Baja Baviera"
 upper_bavaria_area: "Alta Baviera"
 franconia_area: "Franconia"
 lower_swabia_area: "Baja Suabia"
 upper_swabia_area: "Alta Suabia"
 northern_saxony_area: "Norte de Sajonia"
 thuringia_area: "Turingia"
 neumark_area: "Neumark"
 mittelmark_area: "Mittelmark"
 vorpommern_area: "Pomerania Occidental"
 hinter_pommern_area: "Pomerania central"
 tirol_area: "Tirol"
 austria_proper_area: "Austria principal"
 inner_austria_area: "Austria interior"
 carinthia_area: "Carintia"
 switzerland_area: "Suiza"
 romandie_area: "Romandía"
 upper_rhineland_area: "Alta Renania"
 palatinate_area: "Palatinado"
 north_rhine_area: "Renania del Norte"
 lower_rhineland_area: "Baja Renania"
 luxemburg_liege_area: "Lieja"
 westphalia_area: "Westfalia"
 hesse_area: "Hesse"
 lower_saxony_area: "Baja Sajonia"
 weser_area: "Weser"
 holstein_area: "Holstein"
 mecklenburg_area: "Mecklemburgo"
 macedonia_area: "Macedonia"
 morea_area: "Morea"
 northern_greece_area: "Norte de Grecia"
 thrace_area: "Tracia"
 bulgaria_area: "Bulgaria"
 wallachia_area: "Valaquia"
 moldavia_area: "Moldavia"
 transylvania_area: "Transilvania"
 slovakia_area: "Eslovaquia"
 serbia_area: "Serbia"
 bosnia_area: "Bosnia"
 croatia_area: "Croacia"
 east_adriatic_coast_area: "Adriático Oriental"
 alfold_area: "Alföld"
 transdanubia_area: "Transdanubia"
 georgia_area: "Georgia"
 armenia_area: "Armenia"
 north_kurdistan_area: "Kurdistán Norte"
 shirvan_area: "Shirvan"
 circassia_area: "Circasia"
 dagestan_area: "Daguestán"
 rum_area: "Rum"
 erzurum_area: "Erzurum"
 karaman_area: "Karaman"
 hudavendigar_area: "Hudavendigar"
 aydin_area: "Aydin"
 kastamonu_area: "Kastamonu"
 aleppo_area: "Alepo"
 syria_area: "Siria"
 palestine_area: "Palestina"
 dulkadir_area: "Dulkadir"
 eastern_aegean_area: "Egeo Oriental"
 western_aegean_area: "Egeo Occidental"
 rakka_area: "Rakka"
 al_jazira_area: "Al-Yazira"
 iraq_arabi_area: "Irak Arabi"
 basra_area: "Basora"
 south_kurdistan_area: "Kurdistán Sur"
 bahrain_area: "Baréin"
 najd_area: "Nayd"
 hejaz_area: "Hiyaz"
 yemen_area: "Yemen"
 hadramut_area: "Hadramut"
 oman_area: "Omán"
 gharbia_area: "Gharbia"
 sharqiya_area: "Sharqiya"
 central_egypt_area: "Egipto central"
 upper_egypt_area: "Egipto superior"
 libyan_desert_area: "Desierto de Libia"
 tripolitania_area: "Tripolitania"
 fezzan_area: "Fez"
 tunisia_area: "Túnez"
 kabylia_area: "Cabilia"
 algiers_area: "Argel"
 north_saharan_area: "Sáhara norte"
 tafilalt_area: "Tafilalt"
 sus_area: "Sus"
 marrekesh_area: "Marrakech"
 fez_area: "Fez"
 northern_morocco_area: "Norte de Marruecos"
 madagascar_area: "Madagascar"
 zambezi_area: "Zambeze"
 zimbabwe_area: "Zimbabue"
 mozambique_area: "Mozambique"
 central_swahili_coast_area: "Costa central swahili"
 northern_swahili_coast_area: "Costa norte swahili"
 ogaden_area: "Ogadén"
 darfur_central_sahara_area: "Sáhara central"
 kurdufan_area: "Kurdufan"
 upper_nubia_area: "Alta Nubia"
 red_sea_coast_area: "Costa del Mar Rojo"
 tigray_area: "Tigray"
 ifat_area: "Ifat"
 somaliland_area: "Somalilandia"
 southern_ethiopia_area: "Kaffa"
 hadiya_area: "Hadiya"
 central_ethiopia_area: "Etiopía central"
 mogadishu_area: "Mogadiscio"
 ajuuran_area: "Ajuuran"
 majarteen_area: "Majarteen"
 mascarenes_area: "Mascareñas"
 indian_ocean_islands_area: "Islas del Océano Índico"
 papua_area: "Papúa"
 melanesia_area: "Melanesia"
 micronesia_area: "Micronesia"
 western_australia_area: "Australia occidental"
 northern_australia_area: "Norte de Australia"
 eastern_australia_area: "Australia Oriental"
 southern_australia_area: "Sur de Australia"
 polynesia_area: "Polinesia"
 te_ika_a_maui_area: "Te Ika un Maui"
 te_waipounamu_area: "Te Waipounamu"
 western_sahara_area: "Sáhara Occidental"
 cap_verde_area: "Cabo Verde"
 tekrur_area: "Tekrur"
 baghena_area: "Baghena"
 manding_area: "Manding"
 futa_jallon_area: "Futa Jallon"
 massina_area: "Massina"
 niger_bend_area: "Curva del Níger"
 upper_volta_area: "Alto Volta"
 kong_area: "Kong"
 lower_volta_area: "Bajo Volta"
 lower_niger_area: "Bajo Níger"
 hausa_area: "Tierras hausa"
 bornu_area: "Bornu"
 kanem_area: "Kanem"
 adamawa_plateau_area: "Meseta Adamawa"
 dendi_area: "Dendi"
 azbin_area: "Azbin"
 atacora_oueme_area: "Atacora Oueme"
 gulf_of_guinea_area: "Golfo de Guinea"
 west_africa_coast_area: "Costa de África Occidental"
 guinea_coast_area: "Guinea"
 south_atlantic_islands_area: "Islas del Atlántico Sur"
 kongo_area: "Congo"
 angola_namibia_area: "Angola"
 west_congo_area: "Congo oeste"
 cape_of_good_hope_area: "Cabo de Buena Esperanza"
 south_african_plateau_area: "Meseta de Sudáfrica"
 makran_area: "Makrán"
 sistan_area: "Sistán"
 kalat_area: "Kalat"
 ferghana_area: "Fergana"
 arys_area: "Arys"
 kabulistan_area: "Kabulistán"
 ghor_area: "Ghor"
 transoxiana_area: "Transoxiana"
 khiva_area: "Khiva"
 transcaspia_area: "Transcaspia"
 khorasan_area: "Jorarán"
 merv_area: "Merv"
 luristan_area: "Luristán"
 balkh_area: "Balkh"
 kerman_area: "Kerman"
 farsistan_area: "Farsistán"
 iraq_e_ajam_area: "Iraq-e-Ajam"
 isfahan_area: "Isfahán"
 azerbaijan_area: "Azerbaiyán"
 tabarestan_area: "Tabarestan"
 upper_doab_area: "Alto Doab"
 sirhind_area: "Sirhind"
 central_doab_area: "Doab central"
 oudh_area: "Oudh"
 purvanchal_area: "Purvanchal"
 lower_doab_area: "Bajo Doab"
 lahore_area: "Lahore"
 multan_area: "Multan"
 west_bengal_area: "Bengala Occidental"
 naga_hills_area: "Montañas naga"
 east_bengal_area: "Bengala Oriental"
 north_bengal_area: "Bengala del norte"
 bihar_area: "Bihar"
 jharkhand_area: "Jharkhand"
 gondwana_area: "Gondwana"
 orissa_area: "Orissa"
 garjat_area: "Garjat"
 telingana_area: "Telingana"
 andhra_area: "Andhra"
 rayalaseema_area: "Rayalaseema"
 kerala_area: "Kerala"
 malwa_area: "Malwa"
 mewar_area: "Mewar"
 marwar_area: "Marwar"
 jaipur_area: "Jaipur"
 sindh_area: "Sindh"
 carnatic_area: "Carnatic"
 coromandel_area: "Coromandel"
 madura_area: "Madura"
 konkan_area: "Konkan"
 kanara_area: "Kanara"
 maidan_area: "Maidan"
 mysore_area: "Mysore"
 maharashtra_area: "Maharashtra"
 desh_area: "Desh"
 assam_area: "Assam"
 himalayan_hills_area: "Montañas del Himalaya"
 nepalese_area: "Nepal"
 kashmir_area: "Cachemira"
 lanka_area: "Lanka"
 gujarat_area: "Gujarat"
 tapti_area: "Tapti"
 saurashtra_area: "Saurashtra"
 upper_burma_area: "Birmania superior"
 lower_burma_area: "Birmania inferior"
 kachin_area: "Kachin"
 shan_hill_area: "Colinas del Shan"
 malaya_area: "Malaya"
 khorat_area: "Khorat"
 champa_area: "Champa"
 cambodia_area: "Camboya"
 mekong_area: "Mekong"
 tenasserim_area: "Tenasserim"
 vietnam_area: "Vietnam"
 south_laos_area: "Laos del sur"
 north_laos_area: "Laos del norte"
 central_thai_area: "Tailandia central"
 northern_thai_area: "Tailandia del norte"
 great_moluccas_area: "Grandes Molucas"
 luzon_area: "Luzón"
 north_sumatra_area: "Sumatra del Norte"
 central_sumatra_area: "Sumatra central"
 south_sumatra_area: "Sumatra del Sur"
 east_java_area: "Java Oriental"
 central_java_area: "Java Central"
 west_java_area: "Java Occidental"
 kutai_area: "Kutai"
 brunei_area: "Brunei"
 kalimantan_area: "Kalimantan"
 molluca_area: "Molucas"
 lesser_sunda_islands_area: "Islas menores de Sonda"
 sulawesi_area: "Sulawesi"
 north_korea_area: "Corea del Norte"
 central_korea_area: "Corea Central"
 south_korea_area: "Corea del Sur"
 hokkaido_area: "Hokkaido"
 kyushu_area: "Kyushu"
 chubu_area: "Chubu"
 kanto_thoku_area: "Kanto Tohoku"
 kansai_area: "Kansai"
 chugoku_area: "Chugoku"
 kamchatka_area: "Kamchatka"
 magadan_area: "Magadan"
 okhotsk_area: "Okhotsk"
 yakutia_area: "Yakutia"
 buryatia_area: "Buryatia"
 tunguska_area: "Tunguska"
 central_siberia_area: "Siberia central"
 ob_area: "Ob"
 irkutsk_area: "Irkutsk"
 perm_area: "Perm"
 balchasj_area: "Balchasj"
 kazakhstan_area: "Kazajistán"
 yrtesh_area: "Yrtesh"
 ishim_area: "Ishim"
 heilongjiang_area: "Heilongjiangord"
 jilin_area: "Jilin"
 ilan_hala_area: "Ilin Hala"
 liaoning_area: "Liaoning"
 ordos_area: "Ordos"
 inner_mongolia_area: "Mongolia Interior"
 outer_mongolia_area: "Mongolia Exterior"
 altai_sayan_area: "Alti Sayan"
 tarim_basin_area: "Altishahr"
 zungaria_area: "Zungaria"
 jetysuu_area: "Jetysuu"
 amdo_area: "Amdo"
 kham_area: "Kham"
 utsang_area: "U-Tsang"
 hebei_area: "Hebei"
 shandong_area: "Shandong"
 jiangsu_area: "Jiangsu"
 anhui_area: "Anhui"
 zhejiang_area: "Zhejiang"
 jiangxi_area: "Jiangxi"
 fujian_area: "Fujian"
 taiwan_area: "Taiwan"
 guangdong_area: "Guangdong"
 guangxi_area: "Guangxi"
 yun_gui_area: "Yun-Gui"
 sichuan_area: "Sichuan"
 huguang_area: "Huguang"
 henan_area: "Henan"
 shanxi_area: "Shanxi"
 shaanxi_area: "Shaanxi"
 gansu_area: "Gansu"
 rio_grande_do_sol_area: "Rio Grande do Sul"
 minas_gerais_area: "Minas Gerais"
 goias_area: "Goias"
 mato_grosso_area: "Mato Grosso"
 guapore_area: "Guapore"
 sao_paolo_area: "São Paulo"
 rio_de_janeiro_area: "Río de Janeiro"
 bahia_area: "Bahia"
 pernambuco_area: "Pernambuco"
 sao_francisco_area: "São Francisco"
 maranhao_area: "Maranhão"
 grao_para_area: "Grão-Pará"
 amazon_area: "Amazonas"
 paraguay_area: "Paraguay"
 patagonia_area: "Patagonia"
 cuyo_area: "Cuyo"
 southern_pampas_area: "Pampas del Sur"
 buenos_aires_area: "Buenos Aires"
 tucuman_area: "Tucumán"
 chaco_area: "Chaco"
 banda_oriental_area: "Banda Oriental"
 guyana_area: "Guyana"
 upper_guyana_area: "Alta Guyana"
 quito_area: "Quito"
 venezuela_area: "Venezuela"
 eastern_llanos: "Llanos Orientales"
 western_llanos: "Llanos occidentales"
 bogota_area: "Bogotá"
 popayan_area: "Popayán"
 coquivacoa_area: "Coquivacoa"
 northern_chile_area: "Norte de Chile"
 central_chile_area: "Chile Central"
 southern_chile_area: "Sur de Chile"
 antisuyu_area: "Antisuyu"
 kuntisuyu_area: "Kuntisuyu"
 chimor_area: "Chimor"
 ucayali_area: "Ucayali"
 cajamarca_area: "Cajamarca"
 huanuco_area: "Huanuco"
 beni_area: "Beni"
 upper_peru: "Alto Perú"
 great_woods_area: "Grandes bosques"
 massachusetts_bay_area: "Bahía de Massachusetts"
 connecticut_valley_area: "Valle de Connecticut"
 hudson_valley_area: "Valle de Hudson"
 delaware_valley_area: "Valle de Delaware"
 iroquoisia_area: "Iroquoisia"
 susquehanna_area: "Susquehanna"
 chesapeake_area: "Chesapeake"
 great_valley_area: "Gran Valle"
 piedmont_north_america_area: "Piedmont"
 carolinas_area: "Carolinas"
 american_georgia_area: "Georgia"
 florida_area: "Florida"
 appalachia_area: "Appalachia"
 west_florida_area: "Florida Occidental"
 mississippi_area: "Mississippi"
 alabama_area: "Alabama"
 kentucky_area: "Kentucky"
 ohio_country_area: "Ohio"
 illinois_country_area: "Illinois"
 michigan_area: "Michigan"
 lake_superior_area: "Lago superior"
 lower_louisiana_area: "Baja Luisiana"
 upper_louisiana_area: "Alta Luisiana"
 ozarks_area: "Ozarks"
 lower_plains_area: "Llanuras inferiores"
 high_plains_area: "Llanuras superiores"
 dakota_area: "Dakota"
 upper_missouri_area: "Alto Misuri"
 badlands_area: "Badlands"
 llano_estacado_area: "Llano Estacado"
 texas_area: "Tejas"
 rio_grande_area: "Rio Grande"
 new_mexico_area: "Nuevo México"
 colorado_plateau_area: "Meseta de Colorado"
 arizona_area: "Arizona"
 california_area: "California"
 central_valley_area: "Valle Central"
 oregon_area: "Oregón"
 columbia_river_area: "Rio Columbia"
 snake_river_area: "Río Snake"
 salish_sea_area: "Mar de Salish"
 interior_plateau_area: "Meseta interior"
 hecate_strait_area: "Estrecho de Hecate"
 alaska_area: "Alaska"
 lower_acadia_area: "Acadia inferior"
 upper_acadia_area: "Acadia superior"
 newfoundland_area: "Terranova"
 labrador_area: "Labrador"
 cote_nord_area: "Cote Nord"
 notre_dame_mountains_area: "Montañas de Notre Dame"
 lower_canada_area: "Canada inferior"
 upper_canada_area: "Canada superior"
 laurentian_area: "Laurentia"
 upper_ontario_area: "Ontario superior"
 huronia_area: "Huronia"
 james_bay_area: "Bahía de James"
 hudson_bay_area: "Bahia de Hudson"
 red_river_area: "Rio Rojo"
 saskatchewan_area: "Saskatchewan"
 prairies_area: "Praderas"
 athabasca_area: "Athabasca"
 northeast_mexico_area: "Noreste de México"
 durango_area: "Durango"
 sonora_y_sinaloa_area: "Sonora y Sinaloa"
 baja_california_area: "Baja California"
 jalisco_area: "Jalisco"
 michoacan_area: "Michoacán"
 gran_chichimeca_area: "Gran Chichimeca"
 mexico_area: "México"
 guerrero_area: "Guerrero"
 oaxaca_area: "Oaxaca"
 eastern_mexico_area: "México oeste"
 chiapas_area: "Chiapas"
 yucatan_area: "Yucatan"
 guatemala_area: "Guatemala"
 honduras_area: "Honduras"
 nicaragua_area: "Nicaragua"
 panama_area: "Panamá"
 cuba_area: "Cuba"
 hispaniola_area: "Hispaniola"
 greater_antilles_area: "Antillas Mayores"
 leeward_islands_area: "Islas de sotavento"
 windward_islands_area: "Islas de Barlovento"
 western_mediterrenean_area: "Mediterráneo occidental"
 eastern_mediterrenean_area: "Mediterráneo Oriental"
 black_sea_area: "Mar Negro"
 baltic_area: "Mar Báltico"
 kattegat_area: "Kattegat"
 north_sea_area: "Mar del Norte"
 norwegian_sea_area: "Mar de Noruega"
 white_sea_area: "Mar Blanco"
 red_sea_area: "Mar Rojo"
 persian_gulf_area: "Golfo Pérsico"
 arabian_sea_area: "Mar Arábigo"
 bay_of_bengal_area: "Bahía de Bengala"
 eastern_indian_ocean_area: "Océano Índico Oriental"
 western_indian_ocean_area: "Océano Índico occidental"
 great_australian_bight_area: "Gran Bahía Australiana"
 swahili_coast_sea_area: "Costa swahili"
 south_china_sea_area: "Mar del Sur de China"
 celebes_sea_area: "Mar de Célebes"
 java_sea_area: "Mar de Java"
 east_china_sea_area: "Mar Oriental de China"
 sea_of_japan_area: "Mar de Japón"
 sea_of_okhotsk_area: "Mar de Ojotsk"
 berring_sea_area: "Mar de Bering"
 tasman_sea_area: "Mar de Tasmania"
 coral_sea_area: "Mar del Coral"
 philipine_sea_area: "Mar de Filipinas"
 banda_arafura_seas_area: "Banda & Arafura"
 gulf_of_alaska_area: "Golfo de Alaska"
 sea_of_grau_area: "Mar de Grau"
 chilean_sea_area: "Mar chileno"
 gulf_of_panama_area: "Golfo de Panamá"
 bay_of_biscay_area: "Golfo de Vizcaya"
 english_channel_area: "Canal de la Mancha"
 caribbean_sea_area: "Mar Caribe"
 gulf_of_mexico_area: "Golfo de México"
 sea_of_labrador_area: "Mar de Labrador"
 hudson_bay_sea_area: "Bahía de Hudson"
 denmark_strait_area: "Estrecho de Dinamarca"
 gulf_of_guinea_sea_area: "Golfo del Mar de Guinea"
 cape_of_storms_area: "Cabo de las Tormentas"
 skeleton_coast_area: "Costa de los Esqueletos"
 east_pacific_ocean_area: "Pacífico Oriental"
 polynesian_triangle_area: "Triángulo Polinesio"
 south_pacific_area: "Pacífico Sur"
 north_pacific_area: "Pacífico Norte"
 north_pacific_coast_area: "Costa pacifica"
 coast_of_brazil_sea_area: "Costa de Brasil"
 coast_of_guyana_area: "Costa de Guyana"
 celtic_sea_area: "Mar Céltico"
 west_african_coast_sea_area: "Costa de África Occidental"
 south_atlantic_area: "Atlántico Sur"
 argentine_sea_area: "Mar Argentino"
 gulf_of_st_lawrence_area: "Golfo de San Lorenzo"
 gulf_stream_area: "Corriente del Golfo"
 sargasso_sea_area: "Mar de los Sargazos"
 north_atlantic_area: "Atlántico Norte"
 bahama_channel_area: "Canal de Bahamas"
 france_region: "Francia"
 scandinavia_region: "Escandinavia"
 low_countries_region: "Países Bajos"
 italy_region: "Italia"
 iberia_region: "Iberia"
 germany_region: "Alemania"
 russia_region: "Rusa"
 british_isles_region: "Inglaterra"
 baltic_region: "Báltico"
 poland_region: "Polonia"
 ruthenia_region: "Rutenia"
 crimea_region: "Crimea"
 balkan_region: "Balcanes"
 carpathia_region: "Carpathia"
 mashriq_region: "Mashriq"
 anatolia_region: "Anatolia"
 persia_region: "Persia"
 caucasia_region: "Caucasia"
 arabia_region: "Arabia"
 west_africa_region: "África occidental"
 horn_of_africa_region: "Cuerno de África"
 east_africa_region: "Africa Oriental"
 kongo_region: "Congo"
 central_asia_region: "Asia Central"
 south_africa_region: "Sudáfrica"
 siberia_region: "Siberia"
 mongolia_region: "Mongolia"
 manchuria_region: "Manchuria"
 tibet_region: "Tíbet"
 hindusthan_region: "Hindustan"
 deccan_region: "Decán"
 west_india_region: "India occidental"
 burma_region: "Birmania"
 japan_region: "Japón"
 korea_region: "Corea"
 australia_region: "Australia"
 south_china_region: "Sur de China"
 xinan_region: "Xinan"
 north_china_region: "Norte de China"
 colombia_region: "Colombia"
 peru_region: "Perú"
 indonesia_region: "Indonesia"
 oceanea_region: "Oceanea"
 indo_china_region: "Indochina"
 great_lakes_region: "Los Grandes Lagos"
 northeast_america_region: "Nordeste"
 southeast_america_region: "Sudeste"
 mississippi_region: "Misisipi"
 great_plains_region: "Grandes llanuras"
 california_region: "California"
 cascadia_region: "Cascadia"
 mexico_region: "México"
 central_america_region: "América Central"
 carribeans_region: "Caribe"
 south_atlantic_region: "Atlántico Sur"
 atlantic_south_america_region: "Sudamérica atlántica"
 pacific_south_america_region: "Sudamérica pacífica"
 north_west_pacific_region: "Pacifico Noroeste"
 south_west_pacific_region: "Pacífico Sudoccidental"
 south_east_pacific_region: "Pacífico Sudoriental"
 north_east_pacific_region: "Noreste del Pacífico"
 east_china_sea_region: "Mar Oriental de China"
 south_china_sea_region: "Mar del Sur de China"
 east_indian_ocean_region: "Océano Índico Oriental"
 arabian_sea_region: "Mar Arábigo"
 west_indian_ocean_region: "Océano Índico Occidental"
 west_african_sea_region: "Mar del África Occidental"
 caribbean_sea_region: "mar Caribe"
 mediterrenean_region: "Mediterráneo"
 american_east_coast_region: "Costa Este Americana"
 north_atlantic_region: "Atlántico Norte"
 baltic_sea_region: "Mar Báltico"
 central_africa_region: "África central"
 europe_superregion: "Europa"
 north_america_superregion: "América del norte"
 africa_superregion: "África"
 south_america_superregion: "América del sur"
 central_america_superregion: "Centroamérica"
 china_superregion: "China"
 east_indies_superregion: "Indias Orientales"
 india_superregion: "India"
 near_east_superregion: "Próximo Oriente"
 persia_superregion: "Persia"
 massif_central_area: "Macizo Central"
 lower_nubia_area: "Baja Nubia"
 kenya_area: "Kenia"
 brittany_area_name: "Bretaña"
 brittany_area_adj: "Bretón"
 normandy_area_name: "Normandía"
 normandy_area_adj: "Normando"
 provence_area_name: "Provenza"
 provence_area_adj: "Provenzal"
 guyenne_area_name: "Guyena"
 guyenne_area_adj: "Guyenés"
 pyrenees_area_name: "Pirineos"
 pyrenees_area_adj: "pirenaico"
 languedoc_area_name: "Languedoc"
 languedoc_area_adj: "occitano"
 bourgogne_area_name: "Borgoña"
 bourgogne_area_adj: "borgoñón"
 massif_central_area_name: "Auvernia"
 massif_central_area_adj: "Auverno"
 savoy_dauphine_area_name: "Saboya"
 savoy_dauphine_area_adj: "Saboyano"
 lorraine_area_name: "Lorena"
 lorraine_area_adj: "Loreno"
 picardy_area_name: "Picardía"
 picardy_area_adj: "Picardo"
 seine_area_name: "París"
 seine_area_adj: "parisino"
 loire_area_name: "Anjeo"
 loire_area_adj: "de Anjou"
 wallonia_area_name: "Valonia"
 wallonia_area_adj: "Valón"
 flanders_area_name: "Flandes"
 flanders_area_adj: "Flamenco"
 brabant_area_name: "Brabante"
 brabant_area_adj: "Brabantino"
 netherlands_area_name: "Países Bajos"
 netherlands_area_adj: "holandés"
 frisia_area_name: "Frisia"
 frisia_area_adj: "Frisón"
 aragon_area_name: "Aragón"
 aragon_area_adj: "Aragonés"
 catalonia_area_name: "Cataluña"
 catalonia_area_adj: "Catalán"
 valencia_area_name: "Valencia"
 valencia_area_adj: "Valenciana"
 lower_andalucia_area_name: "Córdoba"
 lower_andalucia_area_adj: "Cordobés"
 upper_andalucia_area_name: "Granada"
 upper_andalucia_area_adj: "Granadino"
 castille_area_name: "Castilla"
 castille_area_adj: "Castellano"
 toledo_area_name: "Toledo"
 toledo_area_adj: "Toledano"
 asturias_area_name: "Asturias"
 asturias_area_adj: "Asturiano"
 leon_area_name: "León"
 leon_area_adj: "Leonesa"
 basque_area_name: "País Vasco"
 basque_area_adj: "Vasco"
 beieras_area_name: "Beira"
 beieras_area_adj: "Beirano"
 alentejo_area_name: "Alentejo"
 alentejo_area_adj: "Alentejana"
 macaronesia_area_name: "Macaronesia"
 macaronesia_area_adj: "Macaronésica"
 venetia_area_name: "Venecia"
 venetia_area_adj: "Veneciano"
 lombardy_area_name: "Lombardía"
 lombardy_area_adj: "Lombardo"
 piedmont_area_name: "Piamonte"
 piedmont_area_adj: "Piamontés"
 tuscany_area_name: "Toscana"
 tuscany_area_adj: "Toscano"
 liguria_area_name: "Liguria"
 liguria_area_adj: "Ligur"
 corsica_sardinia_area_name: "Cerdeña"
 corsica_sardinia_area_adj: "Sardo"
 sicily_area_name: "Sicilia"
 sicily_area_adj: "Siciliano"
 naples_area_name: "Nápoles"
 naples_area_adj: "Napolitano"
 calabria_area_name: "Calabria"
 calabria_area_adj: "Calabrés"
 apulia_area_name: "Apulia"
 apulia_area_adj: "Pullés"
 emilia_romagna_area_name: "Emilia"
 emilia_romagna_area_adj: "Emiliano"
 central_italy_area_name: "Roma"
 central_italy_area_adj: "Romano"
 ireland_area_name: "Irlanda"
 ireland_area_adj: "irlandés"
 highlands_area_name: "Escocia"
 highlands_area_adj: "escocés"
 lowlands_area_name: "abajeño"
 lowlands_area_adj: "habitante abajeño"
 wales_area_name: "País de Gales"
 wales_area_adj: "Galés"
 northern_england_area_name: "Northumbria"
 northern_england_area_adj: "Northumbrio"
 mercia_area_name: "Mercia"
 mercia_area_adj: "Merciano"
 wessex_area_name: "Wessex"
 wessex_area_adj: "de Wessex"
 east_anglia_area_name: "Anglia"
 east_anglia_area_adj: "Anglo"
 denmark_area_name: "Dinamarca"
 denmark_area_adj: "danés"
 jutland_area_name: "Jutlandia"
 jutland_area_adj: "Juto"
 skaneland_area_name: "Escania"
 skaneland_area_adj: "Escano"
 gotaland_area_name: "Gotlandia"
 gotaland_area_adj: "Gauta"
 svealand_area_name: "Suecia"
 svealand_area_adj: "Sueco"
 norrland_area_name: "Norlandia"
 norrland_area_adj: "Norlandés"
 finland_area_name: "Finlandia"
 finland_area_adj: "finlandés"
 karelia_area_name: "Carelia"
 karelia_area_adj: "Carelio"
 northern_norway_name: "Trondelag"
 northern_norway_adj: "de Trondelag"
 eastern_norway_name: "Akershus"
 eastern_norway_adj: "de Akershus"
 western_norway_name: "Bergenshus"
 western_norway_adj: "de Bergenshus"
 subarctic_islands_area_adj: "subártico"
 estonia_ingria_area_name: "Estonia"
 estonia_ingria_area_adj: "Estonio"
 livonia_area_name: "Livonia"
 livonia_area_adj: "Livonio"
 curonia_area_name: "Curlandia"
 curonia_area_adj: "Curonio"
 east_prussia_area_name: "Prusia"
 east_prussia_area_adj: "Prusiano"
 west_prussia_area_name: "Pomerelia"
 west_prussia_area_adj: "Pomereliano"
 wielkopolska_area_name: "Wielkopolska/Gran Polonia"
 wielkopolska_area_adj: "de Wielkopolska/granpolaco"
 malopolska_area_name: "Malopolska/Pequeña Polonia"
 malopolska_area_adj: "de Malopolska/pequeñopolaco"
 podolia_volhynia_area_name: "Volinia"
 podolia_volhynia_area_adj: "Voliniano"
 pripyat_area_name: "Brest"
 pripyat_area_adj: "de Brest"
 mazovia_area_name: "Mazovia"
 mazovia_area_adj: "Mazoviano"
 lithuania_area_name: "Lituania"
 lithuania_area_adj: "Lituano"
 west_dniepr_area_name: "Cherkasy"
 west_dniepr_area_adj: "Cherkasiano"
 east_dniepr_area_name: "Poltava"
 east_dniepr_area_adj: "Poltavo"
 sloboda_ukraine_area_name: "Jarkov"
 sloboda_ukraine_area_adj: "Jarkoviano"
 azov_area_name: "Azovia"
 azov_area_adj: "Azoviano"
 zaporizhia_area_name: "Zaporizhia"
 zaporizhia_area_adj: "Zaporizhiano"
 yedisan_area_name: "Yedisan"
 yedisan_area_adj: "Yedisaniano"
 crimea_area_name: "Crimea"
 crimea_area_name_adj: "Crimeo"
 white_ruthenia_area_adj: "Ruteno blanco"
 white_ruthenia_area_name: "Rutenia Blanca"
 red_ruthenia_area_name: "Rutenia Roja"
 red_ruthenia_area_adj: "Ruteno rojo"
 ryazan_area_name: "Riazán"
 ryazan_area_adj: "Riazaniano"
 moscow_area_name: "Moscovia"
 moscow_area_adj: "Moscovita"
 suzdal_area_name: "Súzdal"
 suzdal_area_adj: "Suzdaliano"
 smolensk_area_name: "Smolensko"
 smolensk_area_adj: "esmolense"
 novgorod_area_name: "Nóvgorod"
 novgorod_area_adj: "Novgorodenses"
 pskov_area_name: "Pskov"
 pskov_area_adj: "plescovense"
 beloozero_area_name: "Beloózero"
 beloozero_area_adj: "de Beloózero"
 astrakhan_area_name: "Astracán"
 astrakhan_area_adj: "astracanés"
 lower_don_area_name: "Cherkasy"
 lower_don_area_adj: "cherkasskiano"
 kazan_area_name: "Kazán"
 kazan_area_adj: "kazaní"
 nogai_area_name: "Nogai"
 nogai_area_adj: "Nogaiano"
 ural_area_name: "Ural"
 ural_area_adj: "urálico"
 pomor_area_name: "Pomor"
 pomor_area_adj: "de Pomor"
 bashkiria_area_name: "Bashkiria"
 bashkiria_area_adj: "Bashkiriano"
 galich_area_name: "Gálich"
 galich_area_adj: "de Gálich"
 kama_area_name: "Kama"
 kama_area_adj: "de Kama"
 tambov_area_name: "Tambov"
 tambov_area_adj: "Tambovno"
 saratov_area_name: "Sarátov"
 saratov_area_adj: "de Sarátov"
 silesia_area_name: "Silesia"
 silesia_area_adj: "silesio"
 bohemia_area_name: "Bohemia"
 bohemia_area_adj: "bohemio"
 erzgebirge_area_name: "Pilsen"
 erzgebirge_area_adj: "de pilsen/ pilseniano"
 south_saxony_area_name: "Meissen"
 south_saxony_area_adj: "de meissen"
 lower_bavaria_area_name: "Alto Palatinado"
 lower_bavaria_area_adj: "altopalatino"
 upper_bavaria_area_name: "Baviera"
 upper_bavaria_area_adj: "bávaro"
 franconia_area_name: "Franconia"
 franconia_area_adj: "francón"
 lower_swabia_area_name: "Suabia"
 lower_swabia_area_adj: "suevo"
 upper_swabia_area_name: "Constanza"
 upper_swabia_area_adj: "constantiano"
 northern_saxony_area_name: "Altmark"
 northern_saxony_area_adj: "de Altmark"
 thuringia_area_name: "Turingia"
 thuringia_area_adj: "turingio"
 neumark_area_name: "Neumark"
 neumark_area_adj: "de Neumark"
 mittelmark_area_name: "Mittelmark"
 mittelmark_area_adj: "de Mittelmark"
 vorpommern_area_name: "Pomerania Occidental"
 vorpommern_area_adj: "pomerano occidental"
 hinter_pommern_area_name: "Pomerania Central"
 hinter_pommern_area_adj: "pomerano central"
 tirol_area_name: "Tirol"
 tirol_area_adj: "Tirolés"
 austria_proper_area_name: "Austria"
 austria_proper_area_adj: "austriaco"
 inner_austria_area_name: "Carintia"
 inner_austria_area_adj: "Carintio"
 carinthia_area_name: "Carniola"
 carinthia_area_adj: "de Carniola"
 switzerland_area_name: "Suiza"
 switzerland_area_adj: "suizo"
 romandie_area_name: "Romandía"
 romandie_area_adj: "de Romandía"
 upper_rhineland_area_name: "Baden"
 upper_rhineland_area_adj: "Badenés"
 palatinate_area_name: "Palatinado Renano"
 palatinate_area_adj: "renanopalatino"
 north_rhine_area_name: "Cléveris "
 north_rhine_area_adj: "clevense"
 lower_rhineland_area_name: "Jülich"
 lower_rhineland_area_adj: "de Jülich"
 luxemburg_liege_area_name: "Lieja"
 luxemburg_liege_area_adj: "liejense"
 westphalia_area_name: "Westfalia"
 westphalia_area_adj: "westfaliano"
 hesse_area_name: "Hesse"
 hesse_area_adj: "hessio "
 lower_saxony_area_name: "Callenberg"
 lower_saxony_area_adj: "de Callenberg"
 weser_area_name: "Bremen"
 weser_area_adj: "Bremense"
 holstein_area_name: "Holstein"
 holstein_area_adj: "Holsteiniano"
 mecklenburg_area_name: "Mecklemburgo"
 mecklenburg_area_adj: "Mecklemburgués"
 macedonia_area_name: "Macedonia"
 macedonia_area_adj: "Macedonio"
 morea_area_name: "Morea"
 morea_area_adj: "de Morea"
 northern_greece_area_name: "Tesalia"
 northern_greece_area_adj: "tesalio"
 thrace_area_name: "Tracia"
 thrace_area_adj: "tracio"
 bulgaria_area_name: "Bulgaria "
 bulgaria_area_adj: "búlgaro"
 wallachia_area_name: "Valaquia"
 wallachia_area_adj: "valaco"
 moldavia_area_name: "Moldavia"
 moldavia_area_adj: "moldavo"
 transylvania_area_name: "Transilvania"
 transylvania_area_adj: "transilvano"
 slovakia_area_name: "Eslovaquia"
 slovakia_area_adj: "eslovaco"
 serbia_area_name: "Serbia"
 serbia_area_adj: "serbio"
 bosnia_area_name: "Bosnia"
 bosnia_area_adj: "bosnio"
 croatia_area_name: "Croacia"
 croatia_area_adj: "croata"
 east_adriatic_coast_area_name: "Dalmacia"
 east_adriatic_coast_area_adj: "dálmata"
 alfold_area_name: "Debrecen"
 alfold_area_adj: "de Debrecen"
 transdanubia_area_name: "Transdanubia"
 transdanubia_area_adj: "transdanubiano"
 georgia_area_name: "Georgia"
 georgia_area_adj: "georgiano"
 armenia_area_name: "Armenia"
 armenia_area_adj: "armenio"
 north_kurdistan_area_name: "Kurdistán"
 north_kurdistan_area_adj: "kurdo"
 shirvan_area_name: "Shirvan"
 shirvan_area_adj: "de Shirvan"
 circassia_area_name: "Circasia"
 circassia_area_adj: "circasiano"
 dagestan_area_name: "Daguestán"
 dagestan_area_adj: "daguestaní"
 rum_area_name: "Rùm"
 rum_area_adj: "de Rùm"
 erzurum_area_name: "Erzurum"
 erzurum_area_adj: "de Erzurum"
 karaman_area_name: "Karaman"
 karaman_area_adj: "karamánida"
 hudavendigar_area_name: "Ankara"
 hudavendigar_area_adj: "angorense"
 aydin_area_name: "Aydin"
 aydin_area_adj: "de Aydin"
 kastamonu_area_name: "Kastamonu"
 kastamonu_area_adj: "de Kastamonu"
 aleppo_area_name: "Çukurova"
 aleppo_area_adj: "de Çukurova"
 syria_area_name: "Siria"
 syria_area_adj: "sirio"
 palestine_area_name: "Palestina"
 palestine_area_adj: "palestino"
 dulkadir_area_name: "Dulkadir"
 dulkadir_area_adj: "de Dulkadir"
 eastern_aegean_area_name: "Lesbos"
 eastern_aegean_area_adj: "lesbiana"
 western_aegean_area_name: "Eubea"
 western_aegean_area_adj: "de Eubea"
 rakka_area_name: "Al Raqa"
 rakka_area_adj: "de Rakka"
 al_jazira_area_name: "Al-Yazira"
 al_jazira_area_adj: "de Al-Yazira"
 iraq_arabi_area_name: "Iraq"
 iraq_arabi_area_adj: "iraquí "
 basra_area_name: "Basora"
 south_kurdistan_area_name: "Sharazor"
 bahrain_area_name: "Baréin"
 bahrain_area_adj: "de Bahrein"
 najd_area_name: "Nechd"
 najd_area_adj: "Najdi"
 hejaz_area_name: "Al-Hejaz"
 hejaz_area_adj: "Hiyazí"
 yemen_area_name: "Yemen"
 yemen_area_adj: "Yemen"
 hadramut_area_name: "Hadramaut"
 hadramut_area_adj: "Hadramaut"
 oman_area_name: "Omán"
 oman_area_adj: "omaní"
 gharbia_area_name: "Alejandría"
 gharbia_area_adj: "alejandrino"
 sharqiya_area_name: "Sinaí"
 sharqiya_area_adj: "Sinai"
 central_egypt_area_name: "Egipto"
 central_egypt_area_adj: "egipcio"
 upper_egypt_area_name: "Asuán"
 upper_egypt_area_adj: "asuano"
 libyan_desert_area_name: "Jariyá"
 libyan_desert_area_adj: "de Jariyá"
 cyrenaica_area: "Cirenaica"
 cyrenaica_area_name: "Cirenaica"
 cyrenaica_area_adj: "de Cyrenaica "
 tripolitania_area_name: "Tripolitania"
 tripolitania_area_adj: "de Tripolitania"
 fezzan_area_name: "Fezán"
 fezzan_area_adj: "de Fezzan"
 tunisia_area_name: "Túnez"
 tunisia_area_adj: "tunecino"
 kabylia_area_name: "Cabilia"
 kabylia_area_adj: "Cabileño"
 algiers_area_name: "Argel"
 algiers_area_adj: "argelino, argelina"
 north_saharan_area_name: "el-Djerid"
 north_saharan_area_adj: "el-Djerido"
 tafilalt_area_name: "Tafilalet"
 tafilalt_area_adj: "Tafilalet"
 sus_area_name: "Sus"
 sus_area_adj: "Sus"
 marrekesh_area_name: "Marrakech"
 marrekesh_area_adj: "marraquechí"
 fez_area_name: "Fez"
 fez_area_adj: "Fez"
 northern_morocco_area_name: "Ceuta"
 northern_morocco_area_adj: "Ceuta"
 madagascar_area_name: "Madagascar"
 madagascar_area_adj: "malgache"
 zimbabwe_area_name: "Zimbabue"
 zimbabwe_area_adj: "zimbabuense"
 mozambique_area_name: "Mozambique"
 mozambique_area_adj: "Mozambiqueño"
 central_swahili_coast_area_name: "Zanzibar"
 central_swahili_coast_area_adj: "Zanzibariano"
 northern_swahili_coast_area_name: "Mombasa"
 northern_swahili_coast_area_adj: "Mombasa"
 ogaden_area_name: "Ogaden"
 ogaden_area_adj: "Ogadeni"
 darfur_central_sahara_area_name: "Darfur"
 darfur_central_sahara_area_adj: "de Darfur"
 kurdufan_area_name: "Kurdufan"
 kurdufan_area_adj: "Kurdufani"
 lower_nubia_area_name: "Nubia"
 lower_nubia_area_adj: "Nubia"
 upper_nubia_area_name: "Alodia"
 upper_nubia_area_adj: "Alodia"
 red_sea_coast_area_name: "Medri Bahri"
 red_sea_coast_area_adj: "Medri Bahri"
 tigray_area_name: "Tigray"
 tigray_area_adj: "Tigray"
 ifat_area_name: "Ifat"
 ifat_area_adj: "Ifat"
 somaliland_area_name: "Somalia"
 somaliland_area_adj: "somalí"
 southern_ethiopia_area_name: "Kaffa"
 southern_ethiopia_area_adj: "Kaffa"
 hadiya_area_name: "Hadiya"
 hadiya_area_adj: "Hadiya"
 central_ethiopia_area_name: "Etiopía"
 central_ethiopia_area_adj: "etíope"
 mogadishu_area_name: "Mogadiscio"
 ajuuran_area_name: "Ajuuran"
 ajuuran_area_adj: "Ajuuran"
 majarteen_area_name: "Majerteen"
 majarteen_area_adj: "Majerteen"
 mascarenes_area_name: "Mascareñas"
 mascarenes_area_adj: "Mascaren"
 indian_ocean_islands_area_name: "Maldivas"
 indian_ocean_islands_area_adj: "Maldivo"
 papua_area_nam: "Papúa"
 papua_area_adj: "de Papua"
 melanesia_area_name: "Melanesia"
 melanesia_area_adj: "Melanesio"
 micronesia_area_name: "Micronesia"
 micronesia_area_adj: "Micronesiano"
 western_australia_area_name: "Perth"
 western_australia_area_adj: "Perthian"
 northern_australia_area_name: "Australia"
 northern_australia_area_adj: "Australiano"
 eastern_australia_area_name: "Queensland"
 eastern_australia_area_adj: "Queenslandia"
 southern_australia_area_name: "Victoria"
 southern_australia_area_adj: "Victoriano"
 polynesia_area_name: "Polinesia"
 polynesia_area_adj: "Polinesio"
 te_ika_a_maui_area_name: "Te Ika a Maui"
 te_ika_a_maui_area_adj: "Maorino"
 te_waipounamu_area_name: "Te Waipounamu"
 te_waipounamu_area_adj: "Maorino"
 western_sahara_area_name: "Azawad"
 western_sahara_area_adj: "Azawad"
 cap_verde_area_name: "Cabo Verde"
 cap_verde_area_adj: "Cabo-Verdiado"
 tekrur_area_name: "Tekrur"
 tekrur_area_adj: "Tekrur"
 baghena_area_name: "Baghena"
 baghena_area_adj: "Baghenano"
 manding_area_name: "mandinga"
 manding_area_adj: "mandinga"
 futa_jallon_area_name: "Futa Jallon"
 futa_jallon_area_adj: "Futa Jalloni"
 massina_area_name: "Macina"
 massina_area_adj: "Macina"
 niger_bend_area_name: "Timbuktu"
 niger_bend_area_adj: "Timbuktu"
 upper_volta_area_name: "Burkina Faso"
 upper_volta_area_adj: "Burkinés"
 kong_area_name: "Kong"
 kong_area_adj: "Kong"
 lower_volta_area_name: "Volta"
 lower_volta_area_adj: "Volta"
 lower_niger_area_name: "Ondo"
 lower_niger_area_adj: "Ondones"
 hausa_area_name: "Hausalandia"
 hausa_area_adj: "hausa"
 bornu_area_name: "Bornu"
 bornu_area_adj: "Bornuano"
 kanem_area_name: "Kanema"
 kanem_area_adj: "Kanema"
 adamawa_plateau_area_name: "Yola"
 adamawa_plateau_area_adj: "Yolano"
 dendi_area_name: "Dendi"
 dendi_area_adj: "Dendi"
 azbin_area_name: "Azbin"
 azbin_area_adj: "Azbini"
 atacora_oueme_area_name: "Dahomey"
 atacora_oueme_area_adj: "Dahomey"
 gulf_of_guinea_area_name: "Benin"
 gulf_of_guinea_area_adj: "beninés"
 west_africa_coast_area_name: "Costa Dorada"
 west_africa_coast_area_adj: "Dorada"
 guinea_coast_area_name: "Guinea"
 guinea_coast_area_adj: "guineano"
 south_atlantic_islands_area_name: "Tristán de Acuña"
 south_atlantic_islands_area_adj: "de Tristán de Acuña"
 kongo_area_name: "Kongo"
 kongo_area_adj: "congolés, congolesa"
 angola_namibia_area_name: "Angola"
 angola_namibia_area_adj: "angoleño, angoleña"
 west_congo_area_name: "Loango"
 west_congo_area_adj: "de Loango"
 cape_of_good_hope_area_name: "Cape"
 cape_of_good_hope_area_adj: "de Cape"
 south_african_plateau_area_name: "Sudáfrica"
 south_african_plateau_area_adj: "Sudáfricano"
 makran_area_name: "Makran"
 makran_area_adj: "de Makran"
 sistan_area_name: "Sistan"
 sistan_area_adj: "de Sistan"
 kalat_area_name: "Kalat"
 kalat_area_adj: "Kalat"
 ferghana_area_name: "Ferghana"
 ferghana_area_adj: "Ferghana"
 arys_area_name: "Arys"
 arys_area_adj: "Arys"
 kabulistan_area_name: "Kabulistán"
 kabulistan_area_adj: "Kabulistán"
 ghor_area_name: "Ghor"
 ghor_area_adj: "de Ghor"
 transoxiana_area_name: "Transoxiana"
 transoxiana_area_adj: "Transoxiana"
 khiva_area_name: "Khiva"
 khiva_area_adj: "Khiva"
 transcaspia_area_name: "Turkmenistán"
 transcaspia_area_adj: "Turcomano"
 khorasan_area_name: "Jorasán"
 khorasan_area_adj: "Jorasán"
 merv_area_name: "Merv"
 merv_area_adj: "de Merv"
 luristan_area_name: "Luristán"
 luristan_area_adj: "Luristaní"
 balkh_area_name: "Balkh"
 balkh_area_adj: "Balkhi"
 kerman_area_name: "Kermán"
 kerman_area_adj: "kermaní"
 farsistan_area_name: "Farsistan"
 farsistan_area_adj: "Farsistaní"
 iraq_e_ajam_area_name: "Persia"
 iraq_e_ajam_area_adj: "pérsico/persa"
 isfahan_area_name: "Isfahan"
 isfahan_area_adj: "Isfahaní"
 azerbaijan_area_name: "Azerbaiyán"
 azerbaijan_area_adj: "azerbaiyano"
 tabarestan_area_name: "Tabarestan"
 tabarestan_area_adj: "Tabarestaní"
 upper_doab_area_name: "Delhi"
 upper_doab_area_adj: "de Delhi"
 sirhind_area_name: "Sirhind"
 sirhind_area_adj: "Sirhindi"
 central_doab_area_name: "Agra"
 central_doab_area_adj: "Agran"
 oudh_area_name: "Oudh"
 oudh_area_adj: "de Oudh"
 purvanchal_area_name: "Jaunpur"
 purvanchal_area_adj: "Jaunpuri"
 lower_doab_area_name: "Kalpi"
 lower_doab_area_adj: "de Kalpi"
 lahore_area_name: "Lahore"
 lahore_area_adj: "Lahorí"
 multan_area_name: "Multan"
 multan_area_adj: "Multaní"
 west_bengal_area_name: "Bengala"
 west_bengal_area_adj: "Bengalí"
 naga_hills_area_name: "Nagalandia"
 naga_hills_area_adj: "Naga"
 east_bengal_area_name: "Bengala Oriente"
 east_bengal_area_adj: "Tripura"
 bihar_area_name: "Bihar"
 bihar_area_adj: "Biharí"
 jharkhand_area_name: "Jharkhand"
 jharkhand_area_adj: "Jharkhandí"
 gondwana_area_name: "Gondwana"
 gondwana_area_adj: "Gond"
 orissa_area_name: "Orissa"
 orissa_area_adj: "de Orissa"
 garjat_area_name: "Garjat"
 garjat_area_adj: "Garjati"
 telingana_area_name: "Telingana"
 telingana_area_adj: "Telinganano"
 andhra_area_name: "Andhra"
 andhra_area_adj: "de Andhra"
 rayalaseema_area_name: "Vijayanagar"
 rayalaseema_area_adj: "Vijayanagarí"
 kerala_area_name: "Malabar"
 kerala_area_adj: "de Malabar"
 malwa_area_name: "Malwa"
 malwa_area_adj: "de Malwa"
 mewar_area_name: "Mewar"
 mewar_area_adj: "Mewarí"
 marwar_area_name: "Marwar"
 marwar_area_adj: "Marwari"
 jaipur_area_name: "Jaipur"
 jaipur_area_adj: "Jaipur"
 sindh_area_name: "Sindh"
 sindh_area_adj: "Sindhi"
 carnatic_area_name: "carnática"
 carnatic_area_adj: "de  carnática"
 coromandel_area_name: "Coromandel"
 coromandel_area_adj: "Coromandel"
 madura_area_name: "Madurai"
 madura_area_adj: "de Madurai"
 konkan_area_name: "Chaul"
 konkan_area_adj: "Chaulí"
 kanara_area_name: "Kanara"
 kanara_area_adj: "de Kanara"
 maidan_area_name: "Bijapur"
 maidan_area_adj: "Bijapurí"
 mysore_area_name: "Mysore"
 mysore_area_adj: "de Mysore"
 maharashtra_area_name: "Maharashtra"
 maharashtra_area_adj: "de Maharashtra"
 desh_area_name: "Pune"
 desh_area_adj: "de Pune"
 assam_area_name: "Assam"
 assam_area_adj: "assamese"
 himalayan_hills_area_name: "Garhwal"
 himalayan_hills_area_adj: "Garhwalí"
 nepalese_area_name: "Nepal"
 nepalese_area_adj: "nepalés"
 kashmir_area_name: "cachemira"
 kashmir_area_adj: "cachemires"
 lanka_area_name: "Lanka"
 lanka_area_adj: "de Sri Lanka"
 gujarat_area_name: "Gujarat"
 gujarat_area_adj: "gujarati, "
 tapti_area_name: "Baroda"
 tapti_area_adj: "de Baroda"
 saurashtra_area_name: "Saurashtra"
 saurashtra_area_adj: "de Saurashtra"
 upper_burma_area_name: "Ava"
 upper_burma_area_adj: "de Ava"
 lower_burma_area_name: "Birmania"
 lower_burma_area_adj: "de Birmania"
 kachin_area_name: "Kachin"
 kachin_area_adj: "Kachin"
 shan_hill_area_adj: "Shan"
 shan_hill_area_name: "Shan"
 malaya_area_name: "malaya"
 malaya_area_adj: "malayos/malaya"
 khorat_area_name: "Khorat"
 khorat_area_adj: "de Khorat"
 champa_area_name: "Champa"
 champa_area_adj: "cham"
 cambodia_area_name: "Camboya"
 cambodia_area_adj: "camboyano"
 mekong_area_name: "Phnom Penh"
 mekong_area_adj: "de Phnom Penh"
 tenasserim_area_name: "Ligor"
 tenasserim_area_adj: "de Ligor"
 vietnam_area_name: "Vietnam"
 vietnam_areaadj: "vietnamita"
 south_laos_area_name: "Vientián"
 south_laos_area_adj: "de Vientian"
 north_laos_area_name: "Luang Prabang"
 north_laos_area_adj: "de Luang Prabang"
 central_thai_area_name: "Ayutthaya"
 central_thai_area_adj: "Ayutthaya"
 northern_thai_area_name: "Lan Na"
 northern_thai_area_adj: "Lan Na"
 great_moluccas_area_name: "Islas Moluca "
 great_moluccas_area_adj: "molucas"
 luzon_area_name: "Luzón"
 luzon_area_adj: "Luzón"
 north_sumatra_area_name: "Lamuri"
 north_sumatra_area_adj: "Lamuri"
 central_sumatra_area_name: "Jambi"
 central_sumatra_area_adj: "Jambi"
 south_sumatra_area_name: "Bengkulu"
 south_sumatra_area_adj: "Bengkulu"
 east_java_area_name: "Sunda"
 east_java_area_adj: "Sunda"
 central_java_area_name: "Sunda"
 central_java_area_adj: "Sunda"
 west_java_area_name: "Kediri"
 west_java_area_adj: "Kediri"
 kutai_area_name: "Kutai"
 kutai_area_adj: "Kutai"
 brunei_area_name: "Brunei"
 brunei_area_adj: "Brunei"
 kalimantan_area_name: "Kalimantán"
 kalimantan_area_adj: "Kalimantán"
 molluca_area_name: "Ternate"
 molluca_area_adj: "Ternate"
 lesser_sunda_islands_area_name: "Timor"
 lesser_sunda_islands_area_adj: "Timor"
 sulawesi_area_name: "Makassar"
 sulawesi_area_adj: "Makassar"
 north_korea_area_name: "Pyongan"
 north_korea_area_adj: "Pyongan"
 central_korea_area_name: "Corea"
 central_korea_area_adj: "Coreano"
 south_korea_area_name: "Jeolla"
 south_korea_area_adj: "Jeolla"
 hokkaido_area_name: "Hokkaido"
 hokkaido_area_adj: "Hokkaido"
 kyushu_area_name: "Kyushu "
 kyushu_area_adj: "Kyushu"
 chubu_area_name: "Chubu"
 chubu_area_adj: "Chubu"
 kanto_thoku_area_name: "Kant"
 kanto_thoku_area_adj: "Kant?"
 kansai_area_name: "Kansai"
 kansai_area_adj: "Kansai"
 chugoku_area_name: "Chugoku"
 chugoku_area_adj: "Chugoku"
 kamchatka_area_name: "Kamchatka"
 kamchatka_area_adj: "Kamchatka"
 magadan_area_name: "Magadán"
 magadan_area_adj: "Magadán"
 okhotsk_area_name: "Okhotsk"
 okhotsk_area_adj: "Okhotsk"
 yakutia_area_name: "Yakutia"
 yakutia_area_adj: "Yakutia"
 buryatia_area_name: "Buryatia"
 buryatia_area_adj: "Buryatia"
 tunguska_area_name: "Tunguska"
 tunguska_area_adj: "Tunguska"
 central_siberia_area_name: "Siberia"
 central_siberia_area_adj: "siberiano"
 ob_area_name: "Pegaya Orda"
 ob_area_adj: "Pegaya Orda"
 irkutsk_area_name: "Irkutsk"
 irkutsk_area_adj: "Irkutsk"
 perm_area_name: "Perm"
 perm_area_adj: "Perm"
 balchasj_area_name: "Nadym"
 balchasj_area_adj: "Nadym"
 kazakhstan_area_name: "Kazajstán"
 kazakhstan_area_adj: "Kazajstán"
 yrtesh_area_name: "Kerey"
 yrtesh_area_adj: "Kerey"
 japan_region_name: "Japón"
 japan_region_adj: "japonés/esa"
 korea_region_name: "Corea"
 korea_region_adj: "Coreano"
 australia_region_name: "Australia"
 australia_region_adj: "Australiano"
 new_zealand_region_name: "Nueva Zelandia"
 new_zealand_region_adj: "Nueva Zelandia"
 south_china_region_name: "Guangdong"
 south_china_region_adj: "Guangdong"
 xinan_region_name: "Xinan"
 xinan_region_adj: "Xinan"
 north_china_region_name: "China"
 north_china_region_adj: "Chino"
 brazil_region_name: "Brasil"
 brazil_region_adj: "Brasileño"
 la_plata_region_name: "La Plata"
 la_plata_region_adj: "de La Plata"
 chile_region_name: "Chile"
 chile_region_adj: "Chileno"
 colombia_region_name: "Colombia"
 colombia_region_adj: "Colombiano"
 peru_region_name: "Perù"
 peru_region_adj: "Peruano"
 indonesia_region_name: "Indonesia"
 indonesia_region_adj: "Indonesio"
 oceanea_region_name: "Oceania"
 oceanea_region_adj: "de Oceanía"
 indo_china_region_name: "Indochina"
 indo_china_region_adj: "indochinos"
 canada_region_name: "Canadá"
 canada_region_adj: "canadiense"
 great_lakes_region_name: "Wisconsin"
 great_lakes_region_adj: "Wisconsin"
 northeast_america_region_name: "Pennsylvania"
 northeast_america_region_adj: "Pennsylvania"
 mississippi_region_name: "Tennessee "
 mississippi_region_adj: "tennessee"
 great_plains_region_name: "Nebraska"
 great_plains_region_adj: "Nebraska"
 california_region_name: "California"
 california_region_adj: "Californiano"
 cascadia_region_name: "Cascadia"
 cascadia_region_adj: "Cascadia"
 hudson_bay_region_name: "Manitoba"
 hudson_bay_region_adj: "manitobense"
 mexico_region_name: "México"
 mexico_region_adj: "Mexicano"
 central_america_region_name: "Guatemala"
 central_america_region_adj: "Guatemalteco"
 carribeans_region_name: "Caribe "
 carribeans_region_adj: "Caribeño"
 south_indian_ocean_area: "el sur del Océano Indico"
 south_indian_ocean_region: "el sur del Océano Indico"
 central_africa_region_name: "África"
 central_africa_region_adj: "Africano"
 europe_superregion_name: "Europa"
 europe_superregion_adj: "Europeo"
 north_america_superregion_name: "Estados Unidos"
 north_america_superregion_adj: "Estadounidense"
 africa_superregion_name: "África"
 africa_superregion_adj: "Áfricano"
 south_america_superregion_name: "Colombia"
 south_america_superregion_adj: "Colombiano"
 central_america_superregion_name: "México"
 central_america_superregion_adj: "Mexicano"
 china_superregion_name: "China"
 china_superregion_adj: "Chino"
 east_indies_superregion_name: "Indonesia"
 east_indies_superregion_adj: "Indonesio"
 india_superregion_name: "India"
 india_superregion_adj: "Indio"
 near_east_superregion_name: "Anatolia"
 near_east_superregion_adj: "Anatoliano"
 persia_superregion_name: "Persia"
 persia_superregion_adj: "Pérsico"
 kenya_area_adj: "keniano"
 andaman_sea_area: "Mar de Andamán"
 basra_area_adj: "Basorí"
 south_kurdistan_area_adj: "de Shahrizor"
 zambezi_area_name: "Zambeze"
 zambezi_area_adj: "de Zambeze"
 mogadishu_area_adj: "de Mogadiscio"
 north_bengal_area_name: "Koch"
 north_bengal_area_adj: "Kochi"
 ishim_area_name: "Tiumén"
 ishim_area_adj: "de Tiumén"
 heilongjiang_area_name: "Heilongjiang"
 heilongjiang_area_adj: "de Heilongjiang"
 jilin_area_name: "Jilin"
 jilin_area_adj: "de Jilin"
 ilan_hala_area_name: "Ilin Hala"
 ilan_hala_area_adj: "de Ilin Hala"
 liaoning_area_name: "Liaoning"
 liaoning_area_adj: "de Liaoning"
 ordos_area_name: "Ordos"
 ordos_area_adj: "de Ordos"
 inner_mongolia_area_name: "Chahar"
 inner_mongolia_area_adj: "de Chahar"
 outer_mongolia_area_name: "Mongolia"
 outer_mongolia_area_adj: "Mongol"
 altai_sayan_area_name: "Altai Sayanes"
 altai_sayan_area_adj: "de Altai Sayanes"
 tarim_basin_area_name: "Altishahr"
 tarim_basin_area_adj: "de Altishahr"
 zungaria_area_name: "Zungaria"
 zungaria_area_adj: "Zungariano"
 jetysuu_area_name: "Jetysuu"
 jetysuu_area_adj: "de Jetysuu"
 amdo_area_name: "Amdo"
 amdo_area_adj: "de Amdo"
 kham_area_name: "Kham"
 kham_area_adj: "de Kham"
 utsang_area_name: "U-Tsang"
 utsang_area_adj: "de U-Tsang"
 hebei_area_name: "Hebei"
 hebei_area_adj: "de Hebei"
 shandong_area_name: "Shandong"
 shandong_area_adj: "de Shandong"
 jiangsu_area_name: "Jiangsu"
 jiangsu_area_adj: "de Jiangsu"
 anhui_area_name: "Anhui"
 anhui_area_adj: "de Anhuia"
 zhejiang_area_name: "Zhejiang"
 zhejiang_area_adj: "de Zhejiang"
 jiangxi_area_name: "Jiangxi"
 jiangxi_area_adj: "de Jiangxi"
 fujian_area_name: "Fujian"
 fujian_area_adj: "de Fujian"
 taiwan_area_name: "Taiwán"
 taiwan_area_adj: "Taiwanés"
 guangdong_area_name: "Guangdong"
 guangdong_area_adj: "de Guangdong"
 guangxi_area_name: "Guangxi"
 guangxi_area_adj: "de Guangxi"
 yun_gui_area_name: "Yun-Gui"
 yun_gui_area_adj: "de Yun-Gui"
 sichuan_area_name: "Sichuan"
 sichuan_area_adj: "de Sichuan"
 huguang_area_name: "Huguang"
 huguang_area_adj: "de Huguang"
 henan_area_name: "Henan"
 henan_area_adj: "de Henan"
 shanxi_area_name: "Shanxi"
 shanxi_area_adj: "de Shanxi"
 shaanxi_area_name: "Shaanxi"
 shaanxi_area_adj: "de Shaanxi"
 gansu_area_name: "Gansu"
 gansu_area_adj: "de Gansu"
 rio_grande_do_sol_area_name: "Brasil"
 rio_grande_do_sol_area_adj: "Brasileño"
 minas_gerais_area_name: "Diamantina"
 minas_gerais_area_adj: "Diamantino"
 goias_area_name: "Goias"
 goias_area_adj: "goiano"
 mato_grosso_area_name: "Grosso"
 mato_grosso_area_adj: "grossense"
 guapore_area_name: "Guapore"
 guapore_area_adj: "de Guapore"
 sao_paolo_area_name: "Paulo"
 sao_paolo_area_adj: "paulista"
 rio_de_janeiro_area_name: "Rio de Janeiro"
 rio_de_janeiro_area_adj: "Fluminense"
 bahia_area_name: "Bahía"
 bahia_area_adj: "baiano"
 pernambuco_area_name: "Pernambuco"
 pernambuco_area_adj: "Pernambucano"
 sao_francisco_area_name: "Paratinga"
 sao_francisco_area_adj: "de Paratinga"
 maranhao_area_name: "Maranhao"
 maranhao_area_adj: "marañense"
 grao_para_area_name: "Belem"
 grao_para_area_adj: "belenense"
 amazon_area_name: "Amazonia"
 amazon_area_adj: "amazonense"
 paraguay_area_name: "Paraguay"
 paraguay_area_adj: "Paraguayo"
 patagonia_area_name: "Patagonia"
 patagonia_area_adj: "Patagón"
 cuyo_area_name: "Cuyo"
 cuyo_area_adj: "cuyano"
 southern_pampas_area_name: "Pampa"
 southern_pampas_area_adj: "pampeano"
 buenos_aires_area_name: "La Plata"
 buenos_aires_area_adj: "platense"
 tucuman_area_name: "Tucumán"
 tucuman_area_adj: "Tucumano"
 chaco_area_name: "Chaco"
 chaco_area_adj: "chaqueño"
 banda_oriental_area_name: "Uruguay"
 banda_oriental_area_adj: "Uruguayo"
 guyana_area_name: "Guyana"
 guyana_area_adj: "Guyano"
 upper_guyana_area_name: "Angostura"
 upper_guyana_area_adj: "angostureño"
 quito_area_name: "Quito"
 quito_area_adj: "quiteño"
 venezuela_area_name: "Venezuela"
 venezuela_area_adj: "venezolano"
 eastern_llanos_name: "Zaraza"
 eastern_llanos_adj: "Zarazano"
 western_llanos_name: "Meta"
 western_llanos_adj: "metense"
 bogota_area_name: "Bogotá"
 bogota_area_name_adj: "Bogotano"
 popayan_area_name: "Popayán"
 popayan_area_adj: "payanés"
 coquivacoa_area_name: "Coquivacoa"
 coquivacoa_area_adj: "Coquivacoan"
 northern_chile_area_name: "Chile"
 northern_chile_area_adj: "Chileno"
 central_chile_area_name: "Picunmapu"
 central_chile_area_adj: "de Picunmapu"
 southern_chile_area_name: "Aysen"
 southern_chile_area_adj: "Aysenino"
 antisuyu_area_name: "Bolivia"
 antisuyu_area_adj: "Boliviano"
 kuntisuyu_area_name: "Perú"
 kuntisuyu_area_adj: "Peruano"
 chimor_area_name: "Chimú"
 chimor_area_adj: "Chimú"
 ucayali_area_name: "Ucayali"
 ucayali_area_adj: "ucayalino"
 cajamarca_area_name: "Cajamarca"
 cajamarca_area_adj: "Cajamarquino"
 huanuco_area_name: "Huánuco"
 huanuco_area_adj: "huanuqueño"
 beni_area_name: "Beni"
 beni_area_adj: "Beniano"
 upper_peru_name: "Potosí"
 upper_peru_adj: "Potosino"
 great_woods_area_name: "Abenaki"
 great_woods_area_adj: "de Abenaki"
 massachusetts_bay_area_name: "Massachusetts"
 massachusetts_bay_area_adj: "de Massachusetts"
 connecticut_valley_area_name: "Connecticut"
 connecticut_valley_area_adj: "de Connecticut"
 hudson_valley_area_name: "Hudsonia "
 hudson_valley_area_adj: "de Hudsonia"
 delaware_valley_area_name: "Delaware"
 delaware_valley_area_adj: "de Delaware"
 iroquoisia_area_name: "Iroqués"
 iroquoisia_area_adj: "Iroqués"
 susquehanna_area_name: "Susquehanna"
 susquehanna_area_adj: "de Susquehanna"
 chesapeake_area_name: "Chesapeake"
 chesapeake_area_adj: "de Chesapeake"
 great_valley_area_name: "Shenandoah"
 great_valley_area_adj: "de Shenandoah"
 piedmont_north_america_area_name: "Piedmont"
 piedmont_north_america_area_adj: "de Piedmont"
 carolinas_area_name: "Carolina"
 carolinas_area_adj: "Carolino"
 american_georgia_area_name: "Georgia"
 american_georgia_area_adj: "Georgiano"
 florida_area_name: "Florida"
 florida_area_adj: "Floridano"
 appalachia_area_name: "Apalaches"
 appalachia_area_adj: "Apalache"
 west_florida_area_name: "Mobile"
 west_florida_area_adj: "de Mobile"
 mississippi_area_name: "Misisipi"
 mississippi_area_adj: "misisipiano"
 alabama_area_name: "Alabama"
 alabama_area_adj: "de Alabama"
 kentucky_area_name: "Kentucky"
 kentucky_area_adj: "de Kentucky"
 ohio_country_area_name: "Ohio"
 ohio_country_area_adj: "de Ohio"
 illinois_country_area_name: "Illinois"
 illinois_country_area_adj: "de Illinois"
 michigan_area_name: "Michigan"
 michigan_area_adj: "de Michigan"
 lake_superior_area_name: "Mesquakie"
 lake_superior_area_adj: "de Mesquakie"
 lower_louisiana_area_name: "Arkansas"
 lower_louisiana_area_adj: "de Arkansas"
 upper_louisiana_area_name: "Misuri"
 upper_louisiana_area_adj: "misuriano"
 ozarks_area_name: "Pahatsi"
 ozarks_area_adj: "de Pahatsi"
 lower_plains_area_name: "Kansas"
 lower_plains_area_adj: "de Kansas"
 high_plains_area_name: "Arapajó"
 high_plains_area_adj: "de Arapajó"
 dakota_area_name: "Dakota"
 dakota_area_adj: "dakoteño"
 upper_missouri_area_name: "Montana"
 upper_missouri_area_adj: "de Montana"
 badlands_area_name: "Wyoming"
 badlands_area_adj: "de Wyoming"
 llano_estacado_area_name: "Llano estacado"
 llano_estacado_area_adj: "de Llano estacado"
 texas_area_name: "Tejas"
 texas_area_adj: "Tejano"
 rio_grande_area_name: "Matamoros"
 rio_grande_area_adj: "de Matamoros"
 new_mexico_area_name: "Nuevo México"
 new_mexico_area_adj: "neomexicano"
 colorado_plateau_area_name: "Colorado"
 colorado_plateau_area_adj: "de Colorado"
 arizona_area_name: "Arizona"
 arizona_area_adj: "Arizonaniano"
 california_area_name: "California"
 california_area_adj: "Californiano"
 central_valley_area_name: "Sacramento"
 central_valley_area_adj: "Sacramentino"
 oregon_area_name: "Oregón"
 oregon_area_adj: "Oregoniano"
 columbia_river_area_name: "Columbia"
 columbia_river_area_adj: "de Columbia"
 snake_river_area_name: "Nimiipuu"
 snake_river_area_adj: "de Nimiipuu"
 salish_sea_area_name: "Squamish"
 salish_sea_area_adj: "de Squamish"
 interior_plateau_area_name: "Dakelh"
 interior_plateau_area_adj: "de Dakelh"
 hecate_strait_area_name: "Kwakiutl"
 hecate_strait_area_adj: "de Kwakiutl"
 alaska_area_name: "Alaska"
 alaska_area_adj: "de Alaska"
 lower_acadia_area_name: "Nueva Escocia"
 lower_acadia_area_adj: "neoescocés"
 upper_acadia_area_name: "Acadia"
 upper_acadia_area_adj: "Acadiano"
 newfoundland_area_name: "Terranova"
 newfoundland_area_adj: "terranovense"
 labrador_area_name: "Labrador"
 labrador_area_adj: "de Labrador"
 cote_nord_area_name: "Manicouagan"
 cote_nord_area_adj: "de Manicouagan"
 notre_dame_mountains_area_name: "Kespek"
 notre_dame_mountains_area_adj: "de Kespek"
 lower_canada_area_name: "Canadá"
 lower_canada_area_adj: "Canadiense"
 upper_canada_area_name: "Ottawa"
 upper_canada_area_adj: "de Ottawa"
 laurentian_area_name: "Laurentia"
 laurentian_area_adj: "de Laurentia"
 upper_ontario_area_name: "Ontario"
 upper_ontario_area_adj: "de Ontario"
 huronia_area_name: "Huronia"
 huronia_area_adj: "de Huronia"
 james_bay_area_name: "Mosoni"
 james_bay_area_adj: "de Mosoni"
 hudson_bay_area_name: "Kuugjuaq"
 hudson_bay_area_adj: "de Kuugjuaq"
 red_river_area_name: "Winnipeg"
 red_river_area_adj: "de Winnipeg"
 saskatchewan_area_name: "Saskatchewan"
 saskatchewan_area_adj: "de Saskatchewan"
 prairies_area_name: "Alberta"
 prairies_area_adj: "Albertano"
 athabasca_area_name: "Athabasca"
 athabasca_area_adj: "de Athabasca"
 northeast_mexico_area_name: "Tamaulipas"
 northeast_mexico_area_adj: "Tamaulipeco"
 durango_area_name: "Durango"
 durango_area_adj: "Duranguense"
 sonora_y_sinaloa_area_name: "Sinaloa"
 sonora_y_sinaloa_area_adj: "Sinaloense"
 baja_california_area_name: "Guaycura"
 baja_california_area_adj: "de Guaycura"
 jalisco_area_name: "Jalisco"
 jalisco_area_adj: "Jalisciense"
 michoacan_area_name: "Michoacán"
 michoacan_area_adj: "Michoacano"
 gran_chichimeca_area_name: "Chichimequia"
 gran_chichimeca_area_adj: "Chichimeco"
 mexico_area_name: "México"
 mexico_area_adj: "Mexicano"
 guerrero_area_name: "Guerrero"
 guerrero_area_adj: "Guerrerense"
 oaxaca_area_name: "Oaxaca"
 oaxaca_area_adj: "Oaxaqueño"
 eastern_mexico_area_name: "Xalapa"
 eastern_mexico_area_adj: "Xalapeño"
 chiapas_area_name: "Chiapas"
 chiapas_area_adj: "Chiapaneco"
 yucatan_area_name: "Yucatán"
 yucatan_area_adj: "Yucateco"
 guatemala_area_name: "Guatemala"
 guatemala_area_adj: "Guatemalteco"
 honduras_area_name: "Honduras"
 honduras_area_adj: "Hondureño"
 nicaragua_area_name: "Nicaragua"
 nicaragua_area_adj: "Nicaragüense"
 panama_area_name: "Panamá"
 panama_area_adj: "Panameño"
 cuba_area_name: "Cuba"
 cuba_area_adj: "Cubano"
 hispaniola_area_name: "La Española"
 hispaniola_area_adj: "de La Española"
 greater_antilles_area_name: "Jamaica"
 greater_antilles_area_adj: "Jamaicano"
 leeward_islands_area_name: "Guadalupe"
 leeward_islands_area_adj: "Guadalupense"
 windward_islands_area_name: "Trinidad"
 windward_islands_area_adj: "trinitense"
 france_region_name: "Francia"
 france_region_adj: "Francés"
 scandinavia_region_name: "Escandinavia"
 scandinavia_region_adj: "Escandinavo"
 low_countries_region_name: "Países bajos"
 low_countries_region_adj: "Holandés"
 italy_region_name: "Italia"
 italy_region_adj: "Italiano"
 iberia_region_name: "Iberia"
 iberia_region_adj: "Ibérico"
 germany_region_name: "Alemania"
 germany_region_adj: "Alemán"
 russia_region_name: "Rusia"
 russia_region_adj: "Ruso"
 british_isles_region_name: "Gran Bretaña"
 british_isles_region_adj: "Británico"
 baltic_region_name: "Báltico"
 baltic_region_adj: "Báltico"
 poland_region_name: "Polonia"
 poland_region_adj: "Polaco"
 ruthenia_region_name: "Rutenia"
 ruthenia_region_adj: "Ruteno"
 crimea_region_name: "Crimea"
 crimea_region_adj: "Crimeo"
 balkan_region_name: "Yugoslavia"
 balkan_region_adj: "Yugoslavo"
 carpathia_region_name: "Carpatia"
 carpathia_region_adj: "Cárpato"
 egypt_region_name: "Egipto"
 egypt_region_adj: "Egipcio"
 maghreb_region_name: "Magreb"
 maghreb_region_adj: "Magrebí"
 mashriq_region_name: "Mashriq"
 mashriq_region_adj: "de Mashriq"
 anatolia_region_name: "Anatolia"
 anatolia_region_adj: "De Anatolia"
 persia_region_name: "Persia"
 persia_region_adj: "Persa"
 khorasan_region_name: "Khorasan"
 khorasan_region_adj: "de Khorasan"
 baluchistan_region_name: "Beluchistán"
 baluchistan_region_adj: "Baluchí"
 caucasia_region_name: "Caucasia"
 caucasia_region_adj: "Caucásico"
 arabia_region_name: "Arabia"
 arabia_region_adj: "Árabe"
 west_africa_region_name: "Guinea"
 west_africa_region_adj: "Guineano"
 horn_of_africa_region_name: "Somalia"
 horn_of_africa_region_adj: "Somalí"
 east_africa_region_name: "Suahilia"
 east_africa_region_adj: "Suajili"
 kongo_region_name: "Kongo"
 kongo_region_adj: "Kongoleño"
 central_asia_region_name: "Tartaria"
 central_asia_region_adj: "Tártaro"
 south_africa_region_name: "Cabo"
 south_africa_region_adj: "de Cabo"
 siberia_region_name: "Siberia"
 siberia_region_adj: "Siberiano"
 mongolia_region_name: "Mongolia"
 mongolia_region_adj: "Mongol"
 manchuria_region_name: "Manchuria"
 manchuria_region_adj: "Manchú"
 tibet_region_name: "Tíbet"
 tibet_region_adj: "Tibetano"
 bengal_region_name: "Bengala"
 bengal_region_adj: "Bengalí"
 hindusthan_region_name: "Hindustán"
 hindusthan_region_adj: "Hindustano"
 rajputana_region_name: "Rajputana"
 rajputana_region_adj: "Rajput"
 deccan_region_name: "Deccan"
 deccan_region_adj: "de Deccan"
 coromandel_region_name: "Coromandel"
 coromandel_region_adj: "de Coromandel"
 west_india_region_name: "Gujarat"
 west_india_region_adj: "Gujaratí"
 burma_region_name: "Birmania"
 burma_region_adj: "Birmano"
 southeast_america_region_name: "Virginia"
 southeast_america_region_adj: "Virginiano"
 kenya_area_name: "Kenia"
